version,2.1.0
info,balls_per_over,6
info,team,Sunrisers Hyderabad
info,team,Mumbai Indians
info,gender,male
info,season,2018
info,date,2018/04/24
info,event,Indian Premier League
info,match_number,23
info,venue,Wankhede Stadium
info,city,Mumbai
info,toss_winner,Mumbai Indians
info,toss_decision,field
info,player_of_match,Rashid Khan
info,umpire,C Shamshuddin
info,umpire,S Ravi
info,reserve_umpire,K Srinath
info,tv_umpire,A Deshmukh
info,match_referee,V Narayan Kutty
info,winner,Sunrisers Hyderabad
info,winner_runs,31
info,player,Sunrisers Hyderabad,S Dhawan
info,player,Sunrisers Hyderabad,KS Williamson
info,player,Sunrisers Hyderabad,WP Saha
info,player,Sunrisers Hyderabad,MK Pandey
info,player,Sunrisers Hyderabad,Shakib Al Hasan
info,player,Sunrisers Hyderabad,YK Pathan
info,player,Sunrisers Hyderabad,Mohammad Nabi
info,player,Sunrisers Hyderabad,Rashid Khan
info,player,Sunrisers Hyderabad,Basil Thampi
info,player,Sunrisers Hyderabad,S Kaul
info,player,Sunrisers Hyderabad,Sandeep Sharma
info,player,Mumbai Indians,SA Yadav
info,player,Mumbai Indians,E Lewis
info,player,Mumbai Indians,Ishan Kishan
info,player,Mumbai Indians,RG Sharma
info,player,Mumbai Indians,KH Pandya
info,player,Mumbai Indians,KA Pollard
info,player,Mumbai Indians,HH Pandya
info,player,Mumbai Indians,MJ McClenaghan
info,player,Mumbai Indians,M Markande
info,player,Mumbai Indians,JJ Bumrah
info,player,Mumbai Indians,Mustafizur Rahman
info,registry,people,A Deshmukh,6fda55cc
info,registry,people,Basil Thampi,871e9faf
info,registry,people,C Shamshuddin,0f9d921b
info,registry,people,DJ Hooda,73ad96ed
info,registry,people,E Lewis,0ebfb1ad
info,registry,people,HH Pandya,dbe50b21
info,registry,people,Ishan Kishan,752f7486
info,registry,people,JJ Bumrah,462411b3
info,registry,people,K Srinath,8ab5da97
info,registry,people,KA Pollard,a757b0d8
info,registry,people,KH Pandya,5b8c830e
info,registry,people,KS Williamson,d027ba9f
info,registry,people,M Markande,a9fd84fb
info,registry,people,MJ McClenaghan,51a3c5ef
info,registry,people,MK Pandey,93b4fc78
info,registry,people,Mohammad Nabi,62af8546
info,registry,people,Mustafizur Rahman,0a8fce53
info,registry,people,RG Sharma,740742ef
info,registry,people,Rashid Khan,5f547c8b
info,registry,people,S Dhawan,0a476045
info,registry,people,S Kaul,dcf81436
info,registry,people,S Ravi,9b9ee0df
info,registry,people,SA Yadav,271f83cd
info,registry,people,Sandeep Sharma,ce820073
info,registry,people,Shakib Al Hasan,7dc35884
info,registry,people,V Narayan Kutty,4bacee3d
info,registry,people,WP Saha,fe11caa6
info,registry,people,YK Pathan,3c6ffae8
