version,2.1.0
info,balls_per_over,6
info,team,Chennai Super Kings
info,team,Sunrisers Hyderabad
info,gender,male
info,season,2020/21
info,date,2020/10/13
info,event,Indian Premier League
info,match_number,29
info,venue,Dubai International Cricket Stadium
info,city,
info,toss_winner,Chennai Super Kings
info,toss_decision,bat
info,player_of_match,RA Jadeja
info,umpire,AK Chaudhary
info,umpire,PR Reiffel
info,reserve_umpire,YC Barde
info,tv_umpire,Nitin Menon
info,match_referee,J Srinath
info,winner,Chennai Super Kings
info,winner_runs,20
info,player,Chennai Super Kings,SM Curran
info,player,Chennai Super Kings,F du Plessis
info,player,Chennai Super Kings,SR Watson
info,player,Chennai Super Kings,AT Rayudu
info,player,Chennai Super Kings,MS Dhoni
info,player,Chennai Super Kings,RA Jadeja
info,player,Chennai Super Kings,DJ Bravo
info,player,Chennai Super Kings,DL Chahar
info,player,Chennai Super Kings,PP Chawla
info,player,Chennai Super Kings,SN Thakur
info,player,Chennai Super Kings,KV Sharma
info,player,Sunrisers Hyderabad,DA Warner
info,player,Sunrisers Hyderabad,JM Bairstow
info,player,Sunrisers Hyderabad,MK Pandey
info,player,Sunrisers Hyderabad,KS Williamson
info,player,Sunrisers Hyderabad,PK Garg
info,player,Sunrisers Hyderabad,V Shankar
info,player,Sunrisers Hyderabad,Rashid Khan
info,player,Sunrisers Hyderabad,S Nadeem
info,player,Sunrisers Hyderabad,Sandeep Sharma
info,player,Sunrisers Hyderabad,T Natarajan
info,player,Sunrisers Hyderabad,KK Ahmed
info,registry,people,AK Chaudhary,fdcc6236
info,registry,people,AT Rayudu,70d205c9
info,registry,people,DA Warner,dcce6f09
info,registry,people,DJ Bravo,87e562a9
info,registry,people,DL Chahar,23eeb873
info,registry,people,F du Plessis,3355b542
info,registry,people,J Srinath,bad31fac
info,registry,people,JM Bairstow,abb83e27
info,registry,people,KK Ahmed,a2f46292
info,registry,people,KS Williamson,d027ba9f
info,registry,people,KV Sharma,119678fd
info,registry,people,MK Pandey,93b4fc78
info,registry,people,MS Dhoni,4a8a2e3b
info,registry,people,Nitin Menon,e1d41d9e
info,registry,people,PK Garg,bb965e9a
info,registry,people,PP Chawla,98ae73b1
info,registry,people,PR Reiffel,c9354f29
info,registry,people,RA Jadeja,fe93fd9d
info,registry,people,Rashid Khan,5f547c8b
info,registry,people,S Nadeem,9d80c5e1
info,registry,people,SM Curran,e94915e6
info,registry,people,SN Thakur,1abb78f8
info,registry,people,SR Watson,4329fbb5
info,registry,people,Sandeep Sharma,ce820073
info,registry,people,T Natarajan,ce794613
info,registry,people,V Shankar,0994d0ae
info,registry,people,YC Barde,b90f3346
