match_id,season,start_date,venue,innings,ball,batting_team,bowling_team,striker,non_striker,bowler,runs_off_bat,extras,wides,noballs,byes,legbyes,penalty,wicket_type,player_dismissed,other_wicket_type,other_player_dismissed
1254062,2021,2021-04-13,"MA Chidambaram Stadium, Chepauk, Chennai",1,0.1,Mumbai Indians,Kolkata Knight Riders,RG Sharma,Q de Kock,Harbhajan Singh,1,0,,,,,,,,,
1254062,2021,2021-04-13,"MA Chidambaram Stadium, Chepauk, Chennai",1,0.2,Mumbai Indians,Kolkata Knight Riders,Q de Kock,RG Sharma,Harbhajan Singh,0,0,,,,,,,,,
1254062,2021,2021-04-13,"MA Chidambaram Stadium, Chepauk, Chennai",1,0.3,Mumbai Indians,Kolkata Knight Riders,Q de Kock,RG Sharma,Harbhajan Singh,2,0,,,,,,,,,
1254062,2021,2021-04-13,"MA Chidambaram Stadium, Chepauk, Chennai",1,0.4,Mumbai Indians,Kolkata Knight Riders,Q de Kock,RG Sharma,Harbhajan Singh,0,0,,,,,,,,,
1254062,2021,2021-04-13,"MA Chidambaram Stadium, Chepauk, Chennai",1,0.5,Mumbai Indians,Kolkata Knight Riders,Q de Kock,RG Sharma,Harbhajan Singh,0,0,,,,,,,,,
1254062,2021,2021-04-13,"MA Chidambaram Stadium, Chepauk, Chennai",1,0.6,Mumbai Indians,Kolkata Knight Riders,Q de Kock,RG Sharma,Harbhajan Singh,0,0,,,,,,,,,
1254062,2021,2021-04-13,"MA Chidambaram Stadium, Chepauk, Chennai",1,1.1,Mumbai Indians,Kolkata Knight Riders,RG Sharma,Q de Kock,CV Varun,0,0,,,,,,,,,
1254062,2021,2021-04-13,"MA Chidambaram Stadium, Chepauk, Chennai",1,1.2,Mumbai Indians,Kolkata Knight Riders,RG Sharma,Q de Kock,CV Varun,4,0,,,,,,,,,
1254062,2021,2021-04-13,"MA Chidambaram Stadium, Chepauk, Chennai",1,1.3,Mumbai Indians,Kolkata Knight Riders,RG Sharma,Q de Kock,CV Varun,2,0,,,,,,,,,
1254062,2021,2021-04-13,"MA Chidambaram Stadium, Chepauk, Chennai",1,1.4,Mumbai Indians,Kolkata Knight Riders,RG Sharma,Q de Kock,CV Varun,0,0,,,,,,,,,
1254062,2021,2021-04-13,"MA Chidambaram Stadium, Chepauk, Chennai",1,1.5,Mumbai Indians,Kolkata Knight Riders,RG Sharma,Q de Kock,CV Varun,1,0,,,,,,,,,
1254062,2021,2021-04-13,"MA Chidambaram Stadium, Chepauk, Chennai",1,1.6,Mumbai Indians,Kolkata Knight Riders,Q de Kock,RG Sharma,CV Varun,0,0,,,,,,caught,Q de Kock,,
1254062,2021,2021-04-13,"MA Chidambaram Stadium, Chepauk, Chennai",1,2.1,Mumbai Indians,Kolkata Knight Riders,SA Yadav,RG Sharma,Harbhajan Singh,0,0,,,,,,,,,
1254062,2021,2021-04-13,"MA Chidambaram Stadium, Chepauk, Chennai",1,2.2,Mumbai Indians,Kolkata Knight Riders,SA Yadav,RG Sharma,Harbhajan Singh,4,0,,,,,,,,,
1254062,2021,2021-04-13,"MA Chidambaram Stadium, Chepauk, Chennai",1,2.3,Mumbai Indians,Kolkata Knight Riders,SA Yadav,RG Sharma,Harbhajan Singh,0,1,1,,,,,,,,
1254062,2021,2021-04-13,"MA Chidambaram Stadium, Chepauk, Chennai",1,2.4,Mumbai Indians,Kolkata Knight Riders,SA Yadav,RG Sharma,Harbhajan Singh,4,0,,,,,,,,,
1254062,2021,2021-04-13,"MA Chidambaram Stadium, Chepauk, Chennai",1,2.5,Mumbai Indians,Kolkata Knight Riders,SA Yadav,RG Sharma,Harbhajan Singh,0,0,,,,,,,,,
1254062,2021,2021-04-13,"MA Chidambaram Stadium, Chepauk, Chennai",1,2.6,Mumbai Indians,Kolkata Knight Riders,SA Yadav,RG Sharma,Harbhajan Singh,4,0,,,,,,,,,
1254062,2021,2021-04-13,"MA Chidambaram Stadium, Chepauk, Chennai",1,2.7,Mumbai Indians,Kolkata Knight Riders,SA Yadav,RG Sharma,Harbhajan Singh,1,0,,,,,,,,,
1254062,2021,2021-04-13,"MA Chidambaram Stadium, Chepauk, Chennai",1,3.1,Mumbai Indians,Kolkata Knight Riders,SA Yadav,RG Sharma,Shakib Al Hasan,1,0,,,,,,,,,
1254062,2021,2021-04-13,"MA Chidambaram Stadium, Chepauk, Chennai",1,3.2,Mumbai Indians,Kolkata Knight Riders,RG Sharma,SA Yadav,Shakib Al Hasan,1,0,,,,,,,,,
1254062,2021,2021-04-13,"MA Chidambaram Stadium, Chepauk, Chennai",1,3.3,Mumbai Indians,Kolkata Knight Riders,SA Yadav,RG Sharma,Shakib Al Hasan,0,0,,,,,,,,,
1254062,2021,2021-04-13,"MA Chidambaram Stadium, Chepauk, Chennai",1,3.4,Mumbai Indians,Kolkata Knight Riders,SA Yadav,RG Sharma,Shakib Al Hasan,1,0,,,,,,,,,
1254062,2021,2021-04-13,"MA Chidambaram Stadium, Chepauk, Chennai",1,3.5,Mumbai Indians,Kolkata Knight Riders,RG Sharma,SA Yadav,Shakib Al Hasan,1,0,,,,,,,,,
1254062,2021,2021-04-13,"MA Chidambaram Stadium, Chepauk, Chennai",1,3.6,Mumbai Indians,Kolkata Knight Riders,SA Yadav,RG Sharma,Shakib Al Hasan,0,0,,,,,,,,,
1254062,2021,2021-04-13,"MA Chidambaram Stadium, Chepauk, Chennai",1,4.1,Mumbai Indians,Kolkata Knight Riders,RG Sharma,SA Yadav,CV Varun,1,0,,,,,,,,,
1254062,2021,2021-04-13,"MA Chidambaram Stadium, Chepauk, Chennai",1,4.2,Mumbai Indians,Kolkata Knight Riders,SA Yadav,RG Sharma,CV Varun,0,0,,,,,,,,,
1254062,2021,2021-04-13,"MA Chidambaram Stadium, Chepauk, Chennai",1,4.3,Mumbai Indians,Kolkata Knight Riders,SA Yadav,RG Sharma,CV Varun,1,0,,,,,,,,,
1254062,2021,2021-04-13,"MA Chidambaram Stadium, Chepauk, Chennai",1,4.4,Mumbai Indians,Kolkata Knight Riders,RG Sharma,SA Yadav,CV Varun,1,0,,,,,,,,,
1254062,2021,2021-04-13,"MA Chidambaram Stadium, Chepauk, Chennai",1,4.5,Mumbai Indians,Kolkata Knight Riders,SA Yadav,RG Sharma,CV Varun,0,1,1,,,,,,,,
1254062,2021,2021-04-13,"MA Chidambaram Stadium, Chepauk, Chennai",1,4.6,Mumbai Indians,Kolkata Knight Riders,SA Yadav,RG Sharma,CV Varun,1,0,,,,,,,,,
1254062,2021,2021-04-13,"MA Chidambaram Stadium, Chepauk, Chennai",1,4.7,Mumbai Indians,Kolkata Knight Riders,RG Sharma,SA Yadav,CV Varun,4,0,,,,,,,,,
1254062,2021,2021-04-13,"MA Chidambaram Stadium, Chepauk, Chennai",1,5.1,Mumbai Indians,Kolkata Knight Riders,SA Yadav,RG Sharma,PJ Cummins,0,0,,,,,,,,,
1254062,2021,2021-04-13,"MA Chidambaram Stadium, Chepauk, Chennai",1,5.2,Mumbai Indians,Kolkata Knight Riders,SA Yadav,RG Sharma,PJ Cummins,0,0,,,,,,,,,
1254062,2021,2021-04-13,"MA Chidambaram Stadium, Chepauk, Chennai",1,5.3,Mumbai Indians,Kolkata Knight Riders,SA Yadav,RG Sharma,PJ Cummins,0,0,,,,,,,,,
1254062,2021,2021-04-13,"MA Chidambaram Stadium, Chepauk, Chennai",1,5.4,Mumbai Indians,Kolkata Knight Riders,SA Yadav,RG Sharma,PJ Cummins,4,0,,,,,,,,,
1254062,2021,2021-04-13,"MA Chidambaram Stadium, Chepauk, Chennai",1,5.5,Mumbai Indians,Kolkata Knight Riders,SA Yadav,RG Sharma,PJ Cummins,0,0,,,,,,,,,
1254062,2021,2021-04-13,"MA Chidambaram Stadium, Chepauk, Chennai",1,5.6,Mumbai Indians,Kolkata Knight Riders,SA Yadav,RG Sharma,PJ Cummins,1,0,,,,,,,,,
1254062,2021,2021-04-13,"MA Chidambaram Stadium, Chepauk, Chennai",1,6.1,Mumbai Indians,Kolkata Knight Riders,SA Yadav,RG Sharma,Shakib Al Hasan,1,0,,,,,,,,,
1254062,2021,2021-04-13,"MA Chidambaram Stadium, Chepauk, Chennai",1,6.2,Mumbai Indians,Kolkata Knight Riders,RG Sharma,SA Yadav,Shakib Al Hasan,1,0,,,,,,,,,
1254062,2021,2021-04-13,"MA Chidambaram Stadium, Chepauk, Chennai",1,6.3,Mumbai Indians,Kolkata Knight Riders,SA Yadav,RG Sharma,Shakib Al Hasan,1,0,,,,,,,,,
1254062,2021,2021-04-13,"MA Chidambaram Stadium, Chepauk, Chennai",1,6.4,Mumbai Indians,Kolkata Knight Riders,RG Sharma,SA Yadav,Shakib Al Hasan,1,0,,,,,,,,,
1254062,2021,2021-04-13,"MA Chidambaram Stadium, Chepauk, Chennai",1,6.5,Mumbai Indians,Kolkata Knight Riders,SA Yadav,RG Sharma,Shakib Al Hasan,1,0,,,,,,,,,
1254062,2021,2021-04-13,"MA Chidambaram Stadium, Chepauk, Chennai",1,6.6,Mumbai Indians,Kolkata Knight Riders,RG Sharma,SA Yadav,Shakib Al Hasan,1,0,,,,,,,,,
1254062,2021,2021-04-13,"MA Chidambaram Stadium, Chepauk, Chennai",1,7.1,Mumbai Indians,Kolkata Knight Riders,RG Sharma,SA Yadav,M Prasidh Krishna,1,0,,,,,,,,,
1254062,2021,2021-04-13,"MA Chidambaram Stadium, Chepauk, Chennai",1,7.2,Mumbai Indians,Kolkata Knight Riders,SA Yadav,RG Sharma,M Prasidh Krishna,0,0,,,,,,,,,
1254062,2021,2021-04-13,"MA Chidambaram Stadium, Chepauk, Chennai",1,7.3,Mumbai Indians,Kolkata Knight Riders,SA Yadav,RG Sharma,M Prasidh Krishna,6,0,,,,,,,,,
1254062,2021,2021-04-13,"MA Chidambaram Stadium, Chepauk, Chennai",1,7.4,Mumbai Indians,Kolkata Knight Riders,SA Yadav,RG Sharma,M Prasidh Krishna,4,0,,,,,,,,,
1254062,2021,2021-04-13,"MA Chidambaram Stadium, Chepauk, Chennai",1,7.5,Mumbai Indians,Kolkata Knight Riders,SA Yadav,RG Sharma,M Prasidh Krishna,4,0,,,,,,,,,
1254062,2021,2021-04-13,"MA Chidambaram Stadium, Chepauk, Chennai",1,7.6,Mumbai Indians,Kolkata Knight Riders,SA Yadav,RG Sharma,M Prasidh Krishna,1,0,,,,,,,,,
1254062,2021,2021-04-13,"MA Chidambaram Stadium, Chepauk, Chennai",1,8.1,Mumbai Indians,Kolkata Knight Riders,SA Yadav,RG Sharma,Shakib Al Hasan,1,0,,,,,,,,,
1254062,2021,2021-04-13,"MA Chidambaram Stadium, Chepauk, Chennai",1,8.2,Mumbai Indians,Kolkata Knight Riders,RG Sharma,SA Yadav,Shakib Al Hasan,1,0,,,,,,,,,
1254062,2021,2021-04-13,"MA Chidambaram Stadium, Chepauk, Chennai",1,8.3,Mumbai Indians,Kolkata Knight Riders,SA Yadav,RG Sharma,Shakib Al Hasan,1,0,,,,,,,,,
1254062,2021,2021-04-13,"MA Chidambaram Stadium, Chepauk, Chennai",1,8.4,Mumbai Indians,Kolkata Knight Riders,RG Sharma,SA Yadav,Shakib Al Hasan,1,0,,,,,,,,,
1254062,2021,2021-04-13,"MA Chidambaram Stadium, Chepauk, Chennai",1,8.5,Mumbai Indians,Kolkata Knight Riders,SA Yadav,RG Sharma,Shakib Al Hasan,1,0,,,,,,,,,
1254062,2021,2021-04-13,"MA Chidambaram Stadium, Chepauk, Chennai",1,8.6,Mumbai Indians,Kolkata Knight Riders,RG Sharma,SA Yadav,Shakib Al Hasan,1,0,,,,,,,,,
1254062,2021,2021-04-13,"MA Chidambaram Stadium, Chepauk, Chennai",1,9.1,Mumbai Indians,Kolkata Knight Riders,RG Sharma,SA Yadav,PJ Cummins,1,0,,,,,,,,,
1254062,2021,2021-04-13,"MA Chidambaram Stadium, Chepauk, Chennai",1,9.2,Mumbai Indians,Kolkata Knight Riders,SA Yadav,RG Sharma,PJ Cummins,0,0,,,,,,,,,
1254062,2021,2021-04-13,"MA Chidambaram Stadium, Chepauk, Chennai",1,9.3,Mumbai Indians,Kolkata Knight Riders,SA Yadav,RG Sharma,PJ Cummins,1,0,,,,,,,,,
1254062,2021,2021-04-13,"MA Chidambaram Stadium, Chepauk, Chennai",1,9.4,Mumbai Indians,Kolkata Knight Riders,RG Sharma,SA Yadav,PJ Cummins,1,0,,,,,,,,,
1254062,2021,2021-04-13,"MA Chidambaram Stadium, Chepauk, Chennai",1,9.5,Mumbai Indians,Kolkata Knight Riders,SA Yadav,RG Sharma,PJ Cummins,6,0,,,,,,,,,
1254062,2021,2021-04-13,"MA Chidambaram Stadium, Chepauk, Chennai",1,9.6,Mumbai Indians,Kolkata Knight Riders,SA Yadav,RG Sharma,PJ Cummins,2,0,,,,,,,,,
1254062,2021,2021-04-13,"MA Chidambaram Stadium, Chepauk, Chennai",1,10.1,Mumbai Indians,Kolkata Knight Riders,RG Sharma,SA Yadav,Shakib Al Hasan,1,0,,,,,,,,,
1254062,2021,2021-04-13,"MA Chidambaram Stadium, Chepauk, Chennai",1,10.2,Mumbai Indians,Kolkata Knight Riders,SA Yadav,RG Sharma,Shakib Al Hasan,4,0,,,,,,,,,
1254062,2021,2021-04-13,"MA Chidambaram Stadium, Chepauk, Chennai",1,10.3,Mumbai Indians,Kolkata Knight Riders,SA Yadav,RG Sharma,Shakib Al Hasan,0,0,,,,,,caught,SA Yadav,,
1254062,2021,2021-04-13,"MA Chidambaram Stadium, Chepauk, Chennai",1,10.4,Mumbai Indians,Kolkata Knight Riders,RG Sharma,Ishan Kishan,Shakib Al Hasan,1,0,,,,,,,,,
1254062,2021,2021-04-13,"MA Chidambaram Stadium, Chepauk, Chennai",1,10.5,Mumbai Indians,Kolkata Knight Riders,Ishan Kishan,RG Sharma,Shakib Al Hasan,0,0,,,,,,,,,
1254062,2021,2021-04-13,"MA Chidambaram Stadium, Chepauk, Chennai",1,10.6,Mumbai Indians,Kolkata Knight Riders,Ishan Kishan,RG Sharma,Shakib Al Hasan,1,0,,,,,,,,,
1254062,2021,2021-04-13,"MA Chidambaram Stadium, Chepauk, Chennai",1,11.1,Mumbai Indians,Kolkata Knight Riders,Ishan Kishan,RG Sharma,PJ Cummins,0,0,,,,,,caught,Ishan Kishan,,
1254062,2021,2021-04-13,"MA Chidambaram Stadium, Chepauk, Chennai",1,11.2,Mumbai Indians,Kolkata Knight Riders,HH Pandya,RG Sharma,PJ Cummins,0,0,,,,,,,,,
1254062,2021,2021-04-13,"MA Chidambaram Stadium, Chepauk, Chennai",1,11.3,Mumbai Indians,Kolkata Knight Riders,HH Pandya,RG Sharma,PJ Cummins,1,0,,,,,,,,,
1254062,2021,2021-04-13,"MA Chidambaram Stadium, Chepauk, Chennai",1,11.4,Mumbai Indians,Kolkata Knight Riders,RG Sharma,HH Pandya,PJ Cummins,1,0,,,,,,,,,
1254062,2021,2021-04-13,"MA Chidambaram Stadium, Chepauk, Chennai",1,11.5,Mumbai Indians,Kolkata Knight Riders,HH Pandya,RG Sharma,PJ Cummins,0,0,,,,,,,,,
1254062,2021,2021-04-13,"MA Chidambaram Stadium, Chepauk, Chennai",1,11.6,Mumbai Indians,Kolkata Knight Riders,HH Pandya,RG Sharma,PJ Cummins,1,0,,,,,,,,,
1254062,2021,2021-04-13,"MA Chidambaram Stadium, Chepauk, Chennai",1,12.1,Mumbai Indians,Kolkata Knight Riders,HH Pandya,RG Sharma,CV Varun,0,0,,,,,,,,,
1254062,2021,2021-04-13,"MA Chidambaram Stadium, Chepauk, Chennai",1,12.2,Mumbai Indians,Kolkata Knight Riders,HH Pandya,RG Sharma,CV Varun,1,0,,,,,,,,,
1254062,2021,2021-04-13,"MA Chidambaram Stadium, Chepauk, Chennai",1,12.3,Mumbai Indians,Kolkata Knight Riders,RG Sharma,HH Pandya,CV Varun,0,0,,,,,,,,,
1254062,2021,2021-04-13,"MA Chidambaram Stadium, Chepauk, Chennai",1,12.4,Mumbai Indians,Kolkata Knight Riders,RG Sharma,HH Pandya,CV Varun,1,0,,,,,,,,,
1254062,2021,2021-04-13,"MA Chidambaram Stadium, Chepauk, Chennai",1,12.5,Mumbai Indians,Kolkata Knight Riders,HH Pandya,RG Sharma,CV Varun,0,0,,,,,,,,,
1254062,2021,2021-04-13,"MA Chidambaram Stadium, Chepauk, Chennai",1,12.6,Mumbai Indians,Kolkata Knight Riders,HH Pandya,RG Sharma,CV Varun,1,0,,,,,,,,,
1254062,2021,2021-04-13,"MA Chidambaram Stadium, Chepauk, Chennai",1,13.1,Mumbai Indians,Kolkata Knight Riders,HH Pandya,RG Sharma,M Prasidh Krishna,0,0,,,,,,,,,
1254062,2021,2021-04-13,"MA Chidambaram Stadium, Chepauk, Chennai",1,13.2,Mumbai Indians,Kolkata Knight Riders,HH Pandya,RG Sharma,M Prasidh Krishna,0,0,,,,,,,,,
1254062,2021,2021-04-13,"MA Chidambaram Stadium, Chepauk, Chennai",1,13.3,Mumbai Indians,Kolkata Knight Riders,HH Pandya,RG Sharma,M Prasidh Krishna,4,0,,,,,,,,,
1254062,2021,2021-04-13,"MA Chidambaram Stadium, Chepauk, Chennai",1,13.4,Mumbai Indians,Kolkata Knight Riders,HH Pandya,RG Sharma,M Prasidh Krishna,1,0,,,,,,,,,
1254062,2021,2021-04-13,"MA Chidambaram Stadium, Chepauk, Chennai",1,13.5,Mumbai Indians,Kolkata Knight Riders,RG Sharma,HH Pandya,M Prasidh Krishna,6,0,,,,,,,,,
1254062,2021,2021-04-13,"MA Chidambaram Stadium, Chepauk, Chennai",1,13.6,Mumbai Indians,Kolkata Knight Riders,RG Sharma,HH Pandya,M Prasidh Krishna,1,0,,,,,,,,,
1254062,2021,2021-04-13,"MA Chidambaram Stadium, Chepauk, Chennai",1,14.1,Mumbai Indians,Kolkata Knight Riders,RG Sharma,HH Pandya,CV Varun,0,0,,,,,,,,,
1254062,2021,2021-04-13,"MA Chidambaram Stadium, Chepauk, Chennai",1,14.2,Mumbai Indians,Kolkata Knight Riders,RG Sharma,HH Pandya,CV Varun,1,0,,,,,,,,,
1254062,2021,2021-04-13,"MA Chidambaram Stadium, Chepauk, Chennai",1,14.3,Mumbai Indians,Kolkata Knight Riders,HH Pandya,RG Sharma,CV Varun,0,0,,,,,,,,,
1254062,2021,2021-04-13,"MA Chidambaram Stadium, Chepauk, Chennai",1,14.4,Mumbai Indians,Kolkata Knight Riders,HH Pandya,RG Sharma,CV Varun,1,0,,,,,,,,,
1254062,2021,2021-04-13,"MA Chidambaram Stadium, Chepauk, Chennai",1,14.5,Mumbai Indians,Kolkata Knight Riders,RG Sharma,HH Pandya,CV Varun,4,0,,,,,,,,,
1254062,2021,2021-04-13,"MA Chidambaram Stadium, Chepauk, Chennai",1,14.6,Mumbai Indians,Kolkata Knight Riders,RG Sharma,HH Pandya,CV Varun,2,0,,,,,,,,,
1254062,2021,2021-04-13,"MA Chidambaram Stadium, Chepauk, Chennai",1,15.1,Mumbai Indians,Kolkata Knight Riders,HH Pandya,RG Sharma,PJ Cummins,1,0,,,,,,,,,
1254062,2021,2021-04-13,"MA Chidambaram Stadium, Chepauk, Chennai",1,15.2,Mumbai Indians,Kolkata Knight Riders,RG Sharma,HH Pandya,PJ Cummins,0,0,,,,,,bowled,RG Sharma,,
1254062,2021,2021-04-13,"MA Chidambaram Stadium, Chepauk, Chennai",1,15.3,Mumbai Indians,Kolkata Knight Riders,KA Pollard,HH Pandya,PJ Cummins,0,0,,,,,,,,,
1254062,2021,2021-04-13,"MA Chidambaram Stadium, Chepauk, Chennai",1,15.4,Mumbai Indians,Kolkata Knight Riders,KA Pollard,HH Pandya,PJ Cummins,0,0,,,,,,,,,
1254062,2021,2021-04-13,"MA Chidambaram Stadium, Chepauk, Chennai",1,15.5,Mumbai Indians,Kolkata Knight Riders,KA Pollard,HH Pandya,PJ Cummins,4,0,,,,,,,,,
1254062,2021,2021-04-13,"MA Chidambaram Stadium, Chepauk, Chennai",1,15.6,Mumbai Indians,Kolkata Knight Riders,KA Pollard,HH Pandya,PJ Cummins,0,0,,,,,,,,,
1254062,2021,2021-04-13,"MA Chidambaram Stadium, Chepauk, Chennai",1,16.1,Mumbai Indians,Kolkata Knight Riders,HH Pandya,KA Pollard,M Prasidh Krishna,4,0,,,,,,,,,
1254062,2021,2021-04-13,"MA Chidambaram Stadium, Chepauk, Chennai",1,16.2,Mumbai Indians,Kolkata Knight Riders,HH Pandya,KA Pollard,M Prasidh Krishna,0,0,,,,,,caught,HH Pandya,,
1254062,2021,2021-04-13,"MA Chidambaram Stadium, Chepauk, Chennai",1,16.3,Mumbai Indians,Kolkata Knight Riders,KH Pandya,KA Pollard,M Prasidh Krishna,0,0,,,,,,,,,
1254062,2021,2021-04-13,"MA Chidambaram Stadium, Chepauk, Chennai",1,16.4,Mumbai Indians,Kolkata Knight Riders,KH Pandya,KA Pollard,M Prasidh Krishna,1,0,,,,,,,,,
1254062,2021,2021-04-13,"MA Chidambaram Stadium, Chepauk, Chennai",1,16.5,Mumbai Indians,Kolkata Knight Riders,KA Pollard,KH Pandya,M Prasidh Krishna,0,0,,,,,,,,,
1254062,2021,2021-04-13,"MA Chidambaram Stadium, Chepauk, Chennai",1,16.6,Mumbai Indians,Kolkata Knight Riders,KA Pollard,KH Pandya,M Prasidh Krishna,1,0,,,,,,,,,
1254062,2021,2021-04-13,"MA Chidambaram Stadium, Chepauk, Chennai",1,17.1,Mumbai Indians,Kolkata Knight Riders,KA Pollard,KH Pandya,AD Russell,0,0,,,,,,,,,
1254062,2021,2021-04-13,"MA Chidambaram Stadium, Chepauk, Chennai",1,17.2,Mumbai Indians,Kolkata Knight Riders,KA Pollard,KH Pandya,AD Russell,0,0,,,,,,caught,KA Pollard,,
1254062,2021,2021-04-13,"MA Chidambaram Stadium, Chepauk, Chennai",1,17.3,Mumbai Indians,Kolkata Knight Riders,M Jansen,KH Pandya,AD Russell,0,1,1,,,,,,,,
1254062,2021,2021-04-13,"MA Chidambaram Stadium, Chepauk, Chennai",1,17.4,Mumbai Indians,Kolkata Knight Riders,M Jansen,KH Pandya,AD Russell,0,0,,,,,,caught,M Jansen,,
1254062,2021,2021-04-13,"MA Chidambaram Stadium, Chepauk, Chennai",1,17.5,Mumbai Indians,Kolkata Knight Riders,KH Pandya,RD Chahar,AD Russell,1,0,,,,,,,,,
1254062,2021,2021-04-13,"MA Chidambaram Stadium, Chepauk, Chennai",1,17.6,Mumbai Indians,Kolkata Knight Riders,RD Chahar,KH Pandya,AD Russell,2,0,,,,,,,,,
1254062,2021,2021-04-13,"MA Chidambaram Stadium, Chepauk, Chennai",1,17.7,Mumbai Indians,Kolkata Knight Riders,RD Chahar,KH Pandya,AD Russell,1,0,,,,,,,,,
1254062,2021,2021-04-13,"MA Chidambaram Stadium, Chepauk, Chennai",1,18.1,Mumbai Indians,Kolkata Knight Riders,RD Chahar,KH Pandya,M Prasidh Krishna,2,0,,,,,,,,,
1254062,2021,2021-04-13,"MA Chidambaram Stadium, Chepauk, Chennai",1,18.2,Mumbai Indians,Kolkata Knight Riders,RD Chahar,KH Pandya,M Prasidh Krishna,1,0,,,,,,,,,
1254062,2021,2021-04-13,"MA Chidambaram Stadium, Chepauk, Chennai",1,18.3,Mumbai Indians,Kolkata Knight Riders,KH Pandya,RD Chahar,M Prasidh Krishna,0,4,,,,4,,,,,
1254062,2021,2021-04-13,"MA Chidambaram Stadium, Chepauk, Chennai",1,18.4,Mumbai Indians,Kolkata Knight Riders,KH Pandya,RD Chahar,M Prasidh Krishna,4,0,,,,,,,,,
1254062,2021,2021-04-13,"MA Chidambaram Stadium, Chepauk, Chennai",1,18.5,Mumbai Indians,Kolkata Knight Riders,KH Pandya,RD Chahar,M Prasidh Krishna,1,0,,,,,,,,,
1254062,2021,2021-04-13,"MA Chidambaram Stadium, Chepauk, Chennai",1,18.6,Mumbai Indians,Kolkata Knight Riders,RD Chahar,KH Pandya,M Prasidh Krishna,0,0,,,,,,,,,
1254062,2021,2021-04-13,"MA Chidambaram Stadium, Chepauk, Chennai",1,19.1,Mumbai Indians,Kolkata Knight Riders,KH Pandya,RD Chahar,AD Russell,4,0,,,,,,,,,
1254062,2021,2021-04-13,"MA Chidambaram Stadium, Chepauk, Chennai",1,19.2,Mumbai Indians,Kolkata Knight Riders,KH Pandya,RD Chahar,AD Russell,4,0,,,,,,,,,
1254062,2021,2021-04-13,"MA Chidambaram Stadium, Chepauk, Chennai",1,19.3,Mumbai Indians,Kolkata Knight Riders,KH Pandya,RD Chahar,AD Russell,0,0,,,,,,caught,KH Pandya,,
1254062,2021,2021-04-13,"MA Chidambaram Stadium, Chepauk, Chennai",1,19.4,Mumbai Indians,Kolkata Knight Riders,JJ Bumrah,RD Chahar,AD Russell,0,0,,,,,,caught,JJ Bumrah,,
1254062,2021,2021-04-13,"MA Chidambaram Stadium, Chepauk, Chennai",1,19.5,Mumbai Indians,Kolkata Knight Riders,RD Chahar,TA Boult,AD Russell,2,0,,,,,,,,,
1254062,2021,2021-04-13,"MA Chidambaram Stadium, Chepauk, Chennai",1,19.6,Mumbai Indians,Kolkata Knight Riders,RD Chahar,TA Boult,AD Russell,0,0,,,,,,caught,RD Chahar,,
1254062,2021,2021-04-13,"MA Chidambaram Stadium, Chepauk, Chennai",2,0.1,Kolkata Knight Riders,Mumbai Indians,N Rana,Shubman Gill,TA Boult,4,0,,,,,,,,,
1254062,2021,2021-04-13,"MA Chidambaram Stadium, Chepauk, Chennai",2,0.2,Kolkata Knight Riders,Mumbai Indians,N Rana,Shubman Gill,TA Boult,0,0,,,,,,,,,
1254062,2021,2021-04-13,"MA Chidambaram Stadium, Chepauk, Chennai",2,0.3,Kolkata Knight Riders,Mumbai Indians,N Rana,Shubman Gill,TA Boult,0,0,,,,,,,,,
1254062,2021,2021-04-13,"MA Chidambaram Stadium, Chepauk, Chennai",2,0.4,Kolkata Knight Riders,Mumbai Indians,N Rana,Shubman Gill,TA Boult,0,0,,,,,,,,,
1254062,2021,2021-04-13,"MA Chidambaram Stadium, Chepauk, Chennai",2,0.5,Kolkata Knight Riders,Mumbai Indians,N Rana,Shubman Gill,TA Boult,0,0,,,,,,,,,
1254062,2021,2021-04-13,"MA Chidambaram Stadium, Chepauk, Chennai",2,0.6,Kolkata Knight Riders,Mumbai Indians,N Rana,Shubman Gill,TA Boult,0,0,,,,,,,,,
1254062,2021,2021-04-13,"MA Chidambaram Stadium, Chepauk, Chennai",2,1.1,Kolkata Knight Riders,Mumbai Indians,Shubman Gill,N Rana,M Jansen,2,0,,,,,,,,,
1254062,2021,2021-04-13,"MA Chidambaram Stadium, Chepauk, Chennai",2,1.2,Kolkata Knight Riders,Mumbai Indians,Shubman Gill,N Rana,M Jansen,0,0,,,,,,,,,
1254062,2021,2021-04-13,"MA Chidambaram Stadium, Chepauk, Chennai",2,1.3,Kolkata Knight Riders,Mumbai Indians,Shubman Gill,N Rana,M Jansen,0,0,,,,,,,,,
1254062,2021,2021-04-13,"MA Chidambaram Stadium, Chepauk, Chennai",2,1.4,Kolkata Knight Riders,Mumbai Indians,Shubman Gill,N Rana,M Jansen,1,0,,,,,,,,,
1254062,2021,2021-04-13,"MA Chidambaram Stadium, Chepauk, Chennai",2,1.5,Kolkata Knight Riders,Mumbai Indians,N Rana,Shubman Gill,M Jansen,1,0,,,,,,,,,
1254062,2021,2021-04-13,"MA Chidambaram Stadium, Chepauk, Chennai",2,1.6,Kolkata Knight Riders,Mumbai Indians,Shubman Gill,N Rana,M Jansen,0,0,,,,,,,,,
1254062,2021,2021-04-13,"MA Chidambaram Stadium, Chepauk, Chennai",2,2.1,Kolkata Knight Riders,Mumbai Indians,N Rana,Shubman Gill,TA Boult,6,0,,,,,,,,,
1254062,2021,2021-04-13,"MA Chidambaram Stadium, Chepauk, Chennai",2,2.2,Kolkata Knight Riders,Mumbai Indians,N Rana,Shubman Gill,TA Boult,0,0,,,,,,,,,
1254062,2021,2021-04-13,"MA Chidambaram Stadium, Chepauk, Chennai",2,2.3,Kolkata Knight Riders,Mumbai Indians,N Rana,Shubman Gill,TA Boult,4,0,,,,,,,,,
1254062,2021,2021-04-13,"MA Chidambaram Stadium, Chepauk, Chennai",2,2.4,Kolkata Knight Riders,Mumbai Indians,N Rana,Shubman Gill,TA Boult,0,0,,,,,,,,,
1254062,2021,2021-04-13,"MA Chidambaram Stadium, Chepauk, Chennai",2,2.5,Kolkata Knight Riders,Mumbai Indians,N Rana,Shubman Gill,TA Boult,0,0,,,,,,,,,
1254062,2021,2021-04-13,"MA Chidambaram Stadium, Chepauk, Chennai",2,2.6,Kolkata Knight Riders,Mumbai Indians,N Rana,Shubman Gill,TA Boult,1,0,,,,,,,,,
1254062,2021,2021-04-13,"MA Chidambaram Stadium, Chepauk, Chennai",2,3.1,Kolkata Knight Riders,Mumbai Indians,N Rana,Shubman Gill,JJ Bumrah,0,0,,,,,,,,,
1254062,2021,2021-04-13,"MA Chidambaram Stadium, Chepauk, Chennai",2,3.2,Kolkata Knight Riders,Mumbai Indians,N Rana,Shubman Gill,JJ Bumrah,4,0,,,,,,,,,
1254062,2021,2021-04-13,"MA Chidambaram Stadium, Chepauk, Chennai",2,3.3,Kolkata Knight Riders,Mumbai Indians,N Rana,Shubman Gill,JJ Bumrah,0,0,,,,,,,,,
1254062,2021,2021-04-13,"MA Chidambaram Stadium, Chepauk, Chennai",2,3.4,Kolkata Knight Riders,Mumbai Indians,N Rana,Shubman Gill,JJ Bumrah,0,0,,,,,,,,,
1254062,2021,2021-04-13,"MA Chidambaram Stadium, Chepauk, Chennai",2,3.5,Kolkata Knight Riders,Mumbai Indians,N Rana,Shubman Gill,JJ Bumrah,1,0,,,,,,,,,
1254062,2021,2021-04-13,"MA Chidambaram Stadium, Chepauk, Chennai",2,3.6,Kolkata Knight Riders,Mumbai Indians,Shubman Gill,N Rana,JJ Bumrah,4,0,,,,,,,,,
1254062,2021,2021-04-13,"MA Chidambaram Stadium, Chepauk, Chennai",2,4.1,Kolkata Knight Riders,Mumbai Indians,N Rana,Shubman Gill,KH Pandya,0,2,2,,,,,,,,
1254062,2021,2021-04-13,"MA Chidambaram Stadium, Chepauk, Chennai",2,4.2,Kolkata Knight Riders,Mumbai Indians,Shubman Gill,N Rana,KH Pandya,1,0,,,,,,,,,
1254062,2021,2021-04-13,"MA Chidambaram Stadium, Chepauk, Chennai",2,4.3,Kolkata Knight Riders,Mumbai Indians,N Rana,Shubman Gill,KH Pandya,1,0,,,,,,,,,
1254062,2021,2021-04-13,"MA Chidambaram Stadium, Chepauk, Chennai",2,4.4,Kolkata Knight Riders,Mumbai Indians,Shubman Gill,N Rana,KH Pandya,0,0,,,,,,,,,
1254062,2021,2021-04-13,"MA Chidambaram Stadium, Chepauk, Chennai",2,4.5,Kolkata Knight Riders,Mumbai Indians,Shubman Gill,N Rana,KH Pandya,0,0,,,,,,,,,
1254062,2021,2021-04-13,"MA Chidambaram Stadium, Chepauk, Chennai",2,4.6,Kolkata Knight Riders,Mumbai Indians,Shubman Gill,N Rana,KH Pandya,0,0,,,,,,,,,
1254062,2021,2021-04-13,"MA Chidambaram Stadium, Chepauk, Chennai",2,4.7,Kolkata Knight Riders,Mumbai Indians,Shubman Gill,N Rana,KH Pandya,0,0,,,,,,,,,
1254062,2021,2021-04-13,"MA Chidambaram Stadium, Chepauk, Chennai",2,5.1,Kolkata Knight Riders,Mumbai Indians,N Rana,Shubman Gill,M Jansen,1,0,,,,,,,,,
1254062,2021,2021-04-13,"MA Chidambaram Stadium, Chepauk, Chennai",2,5.2,Kolkata Knight Riders,Mumbai Indians,Shubman Gill,N Rana,M Jansen,0,0,,,,,,,,,
1254062,2021,2021-04-13,"MA Chidambaram Stadium, Chepauk, Chennai",2,5.3,Kolkata Knight Riders,Mumbai Indians,Shubman Gill,N Rana,M Jansen,4,0,,,,,,,,,
1254062,2021,2021-04-13,"MA Chidambaram Stadium, Chepauk, Chennai",2,5.4,Kolkata Knight Riders,Mumbai Indians,Shubman Gill,N Rana,M Jansen,4,0,,,,,,,,,
1254062,2021,2021-04-13,"MA Chidambaram Stadium, Chepauk, Chennai",2,5.5,Kolkata Knight Riders,Mumbai Indians,Shubman Gill,N Rana,M Jansen,0,0,,,,,,,,,
1254062,2021,2021-04-13,"MA Chidambaram Stadium, Chepauk, Chennai",2,5.6,Kolkata Knight Riders,Mumbai Indians,Shubman Gill,N Rana,M Jansen,4,0,,,,,,,,,
1254062,2021,2021-04-13,"MA Chidambaram Stadium, Chepauk, Chennai",2,6.1,Kolkata Knight Riders,Mumbai Indians,N Rana,Shubman Gill,KH Pandya,1,0,,,,,,,,,
1254062,2021,2021-04-13,"MA Chidambaram Stadium, Chepauk, Chennai",2,6.2,Kolkata Knight Riders,Mumbai Indians,Shubman Gill,N Rana,KH Pandya,1,0,,,,,,,,,
1254062,2021,2021-04-13,"MA Chidambaram Stadium, Chepauk, Chennai",2,6.3,Kolkata Knight Riders,Mumbai Indians,N Rana,Shubman Gill,KH Pandya,0,0,,,,,,,,,
1254062,2021,2021-04-13,"MA Chidambaram Stadium, Chepauk, Chennai",2,6.4,Kolkata Knight Riders,Mumbai Indians,N Rana,Shubman Gill,KH Pandya,1,0,,,,,,,,,
1254062,2021,2021-04-13,"MA Chidambaram Stadium, Chepauk, Chennai",2,6.5,Kolkata Knight Riders,Mumbai Indians,Shubman Gill,N Rana,KH Pandya,1,0,,,,,,,,,
1254062,2021,2021-04-13,"MA Chidambaram Stadium, Chepauk, Chennai",2,6.6,Kolkata Knight Riders,Mumbai Indians,N Rana,Shubman Gill,KH Pandya,1,0,,,,,,,,,
1254062,2021,2021-04-13,"MA Chidambaram Stadium, Chepauk, Chennai",2,7.1,Kolkata Knight Riders,Mumbai Indians,N Rana,Shubman Gill,KA Pollard,0,0,,,,,,,,,
1254062,2021,2021-04-13,"MA Chidambaram Stadium, Chepauk, Chennai",2,7.2,Kolkata Knight Riders,Mumbai Indians,N Rana,Shubman Gill,KA Pollard,0,0,,,,,,,,,
1254062,2021,2021-04-13,"MA Chidambaram Stadium, Chepauk, Chennai",2,7.3,Kolkata Knight Riders,Mumbai Indians,N Rana,Shubman Gill,KA Pollard,6,0,,,,,,,,,
1254062,2021,2021-04-13,"MA Chidambaram Stadium, Chepauk, Chennai",2,7.4,Kolkata Knight Riders,Mumbai Indians,N Rana,Shubman Gill,KA Pollard,4,0,,,,,,,,,
1254062,2021,2021-04-13,"MA Chidambaram Stadium, Chepauk, Chennai",2,7.5,Kolkata Knight Riders,Mumbai Indians,N Rana,Shubman Gill,KA Pollard,1,0,,,,,,,,,
1254062,2021,2021-04-13,"MA Chidambaram Stadium, Chepauk, Chennai",2,7.6,Kolkata Knight Riders,Mumbai Indians,Shubman Gill,N Rana,KA Pollard,1,0,,,,,,,,,
1254062,2021,2021-04-13,"MA Chidambaram Stadium, Chepauk, Chennai",2,8.1,Kolkata Knight Riders,Mumbai Indians,Shubman Gill,N Rana,RD Chahar,4,0,,,,,,,,,
1254062,2021,2021-04-13,"MA Chidambaram Stadium, Chepauk, Chennai",2,8.2,Kolkata Knight Riders,Mumbai Indians,Shubman Gill,N Rana,RD Chahar,0,0,,,,,,,,,
1254062,2021,2021-04-13,"MA Chidambaram Stadium, Chepauk, Chennai",2,8.3,Kolkata Knight Riders,Mumbai Indians,Shubman Gill,N Rana,RD Chahar,0,0,,,,,,,,,
1254062,2021,2021-04-13,"MA Chidambaram Stadium, Chepauk, Chennai",2,8.4,Kolkata Knight Riders,Mumbai Indians,Shubman Gill,N Rana,RD Chahar,6,0,,,,,,,,,
1254062,2021,2021-04-13,"MA Chidambaram Stadium, Chepauk, Chennai",2,8.5,Kolkata Knight Riders,Mumbai Indians,Shubman Gill,N Rana,RD Chahar,0,0,,,,,,caught,Shubman Gill,,
1254062,2021,2021-04-13,"MA Chidambaram Stadium, Chepauk, Chennai",2,8.6,Kolkata Knight Riders,Mumbai Indians,RA Tripathi,N Rana,RD Chahar,1,0,,,,,,,,,
1254062,2021,2021-04-13,"MA Chidambaram Stadium, Chepauk, Chennai",2,9.1,Kolkata Knight Riders,Mumbai Indians,RA Tripathi,N Rana,TA Boult,1,0,,,,,,,,,
1254062,2021,2021-04-13,"MA Chidambaram Stadium, Chepauk, Chennai",2,9.2,Kolkata Knight Riders,Mumbai Indians,N Rana,RA Tripathi,TA Boult,1,0,,,,,,,,,
1254062,2021,2021-04-13,"MA Chidambaram Stadium, Chepauk, Chennai",2,9.3,Kolkata Knight Riders,Mumbai Indians,RA Tripathi,N Rana,TA Boult,1,0,,,,,,,,,
1254062,2021,2021-04-13,"MA Chidambaram Stadium, Chepauk, Chennai",2,9.4,Kolkata Knight Riders,Mumbai Indians,N Rana,RA Tripathi,TA Boult,4,0,,,,,,,,,
1254062,2021,2021-04-13,"MA Chidambaram Stadium, Chepauk, Chennai",2,9.5,Kolkata Knight Riders,Mumbai Indians,N Rana,RA Tripathi,TA Boult,0,0,,,,,,,,,
1254062,2021,2021-04-13,"MA Chidambaram Stadium, Chepauk, Chennai",2,9.6,Kolkata Knight Riders,Mumbai Indians,N Rana,RA Tripathi,TA Boult,1,0,,,,,,,,,
1254062,2021,2021-04-13,"MA Chidambaram Stadium, Chepauk, Chennai",2,10.1,Kolkata Knight Riders,Mumbai Indians,N Rana,RA Tripathi,RD Chahar,1,0,,,,,,,,,
1254062,2021,2021-04-13,"MA Chidambaram Stadium, Chepauk, Chennai",2,10.2,Kolkata Knight Riders,Mumbai Indians,RA Tripathi,N Rana,RD Chahar,2,0,,,,,,,,,
1254062,2021,2021-04-13,"MA Chidambaram Stadium, Chepauk, Chennai",2,10.3,Kolkata Knight Riders,Mumbai Indians,RA Tripathi,N Rana,RD Chahar,0,0,,,,,,caught,RA Tripathi,,
1254062,2021,2021-04-13,"MA Chidambaram Stadium, Chepauk, Chennai",2,10.4,Kolkata Knight Riders,Mumbai Indians,EJG Morgan,N Rana,RD Chahar,0,0,,,,,,,,,
1254062,2021,2021-04-13,"MA Chidambaram Stadium, Chepauk, Chennai",2,10.5,Kolkata Knight Riders,Mumbai Indians,EJG Morgan,N Rana,RD Chahar,0,0,,,,,,,,,
1254062,2021,2021-04-13,"MA Chidambaram Stadium, Chepauk, Chennai",2,10.6,Kolkata Knight Riders,Mumbai Indians,EJG Morgan,N Rana,RD Chahar,1,0,,,,,,,,,
1254062,2021,2021-04-13,"MA Chidambaram Stadium, Chepauk, Chennai",2,11.1,Kolkata Knight Riders,Mumbai Indians,EJG Morgan,N Rana,JJ Bumrah,1,0,,,,,,,,,
1254062,2021,2021-04-13,"MA Chidambaram Stadium, Chepauk, Chennai",2,11.2,Kolkata Knight Riders,Mumbai Indians,N Rana,EJG Morgan,JJ Bumrah,0,4,,,,4,,,,,
1254062,2021,2021-04-13,"MA Chidambaram Stadium, Chepauk, Chennai",2,11.3,Kolkata Knight Riders,Mumbai Indians,N Rana,EJG Morgan,JJ Bumrah,0,1,,,,1,,,,,
1254062,2021,2021-04-13,"MA Chidambaram Stadium, Chepauk, Chennai",2,11.4,Kolkata Knight Riders,Mumbai Indians,EJG Morgan,N Rana,JJ Bumrah,4,0,,,,,,,,,
1254062,2021,2021-04-13,"MA Chidambaram Stadium, Chepauk, Chennai",2,11.5,Kolkata Knight Riders,Mumbai Indians,EJG Morgan,N Rana,JJ Bumrah,1,0,,,,,,,,,
1254062,2021,2021-04-13,"MA Chidambaram Stadium, Chepauk, Chennai",2,11.6,Kolkata Knight Riders,Mumbai Indians,N Rana,EJG Morgan,JJ Bumrah,1,0,,,,,,,,,
1254062,2021,2021-04-13,"MA Chidambaram Stadium, Chepauk, Chennai",2,12.1,Kolkata Knight Riders,Mumbai Indians,N Rana,EJG Morgan,RD Chahar,4,0,,,,,,,,,
1254062,2021,2021-04-13,"MA Chidambaram Stadium, Chepauk, Chennai",2,12.2,Kolkata Knight Riders,Mumbai Indians,N Rana,EJG Morgan,RD Chahar,0,0,,,,,,,,,
1254062,2021,2021-04-13,"MA Chidambaram Stadium, Chepauk, Chennai",2,12.3,Kolkata Knight Riders,Mumbai Indians,N Rana,EJG Morgan,RD Chahar,2,0,,,,,,,,,
1254062,2021,2021-04-13,"MA Chidambaram Stadium, Chepauk, Chennai",2,12.4,Kolkata Knight Riders,Mumbai Indians,N Rana,EJG Morgan,RD Chahar,1,0,,,,,,,,,
1254062,2021,2021-04-13,"MA Chidambaram Stadium, Chepauk, Chennai",2,12.5,Kolkata Knight Riders,Mumbai Indians,EJG Morgan,N Rana,RD Chahar,0,0,,,,,,caught,EJG Morgan,,
1254062,2021,2021-04-13,"MA Chidambaram Stadium, Chepauk, Chennai",2,12.6,Kolkata Knight Riders,Mumbai Indians,N Rana,Shakib Al Hasan,RD Chahar,0,0,,,,,,,,,
1254062,2021,2021-04-13,"MA Chidambaram Stadium, Chepauk, Chennai",2,13.1,Kolkata Knight Riders,Mumbai Indians,Shakib Al Hasan,N Rana,RG Sharma,4,0,,,,,,,,,
1254062,2021,2021-04-13,"MA Chidambaram Stadium, Chepauk, Chennai",2,13.2,Kolkata Knight Riders,Mumbai Indians,Shakib Al Hasan,N Rana,RG Sharma,1,0,,,,,,,,,
1254062,2021,2021-04-13,"MA Chidambaram Stadium, Chepauk, Chennai",2,13.3,Kolkata Knight Riders,Mumbai Indians,N Rana,Shakib Al Hasan,RG Sharma,1,0,,,,,,,,,
1254062,2021,2021-04-13,"MA Chidambaram Stadium, Chepauk, Chennai",2,13.4,Kolkata Knight Riders,Mumbai Indians,Shakib Al Hasan,N Rana,RG Sharma,1,0,,,,,,,,,
1254062,2021,2021-04-13,"MA Chidambaram Stadium, Chepauk, Chennai",2,13.5,Kolkata Knight Riders,Mumbai Indians,N Rana,Shakib Al Hasan,RG Sharma,1,0,,,,,,,,,
1254062,2021,2021-04-13,"MA Chidambaram Stadium, Chepauk, Chennai",2,13.6,Kolkata Knight Riders,Mumbai Indians,Shakib Al Hasan,N Rana,RG Sharma,1,0,,,,,,,,,
1254062,2021,2021-04-13,"MA Chidambaram Stadium, Chepauk, Chennai",2,14.1,Kolkata Knight Riders,Mumbai Indians,Shakib Al Hasan,N Rana,RD Chahar,1,0,,,,,,,,,
1254062,2021,2021-04-13,"MA Chidambaram Stadium, Chepauk, Chennai",2,14.2,Kolkata Knight Riders,Mumbai Indians,N Rana,Shakib Al Hasan,RD Chahar,2,0,,,,,,,,,
1254062,2021,2021-04-13,"MA Chidambaram Stadium, Chepauk, Chennai",2,14.3,Kolkata Knight Riders,Mumbai Indians,N Rana,Shakib Al Hasan,RD Chahar,1,0,,,,,,,,,
1254062,2021,2021-04-13,"MA Chidambaram Stadium, Chepauk, Chennai",2,14.4,Kolkata Knight Riders,Mumbai Indians,Shakib Al Hasan,N Rana,RD Chahar,0,4,,,4,,,,,,
1254062,2021,2021-04-13,"MA Chidambaram Stadium, Chepauk, Chennai",2,14.5,Kolkata Knight Riders,Mumbai Indians,Shakib Al Hasan,N Rana,RD Chahar,1,0,,,,,,,,,
1254062,2021,2021-04-13,"MA Chidambaram Stadium, Chepauk, Chennai",2,14.6,Kolkata Knight Riders,Mumbai Indians,N Rana,Shakib Al Hasan,RD Chahar,0,0,,,,,,stumped,N Rana,,
1254062,2021,2021-04-13,"MA Chidambaram Stadium, Chepauk, Chennai",2,15.1,Kolkata Knight Riders,Mumbai Indians,Shakib Al Hasan,KD Karthik,KH Pandya,0,0,,,,,,,,,
1254062,2021,2021-04-13,"MA Chidambaram Stadium, Chepauk, Chennai",2,15.2,Kolkata Knight Riders,Mumbai Indians,Shakib Al Hasan,KD Karthik,KH Pandya,0,0,,,,,,caught,Shakib Al Hasan,,
1254062,2021,2021-04-13,"MA Chidambaram Stadium, Chepauk, Chennai",2,15.3,Kolkata Knight Riders,Mumbai Indians,KD Karthik,AD Russell,KH Pandya,1,0,,,,,,,,,
1254062,2021,2021-04-13,"MA Chidambaram Stadium, Chepauk, Chennai",2,15.4,Kolkata Knight Riders,Mumbai Indians,AD Russell,KD Karthik,KH Pandya,0,0,,,,,,,,,
1254062,2021,2021-04-13,"MA Chidambaram Stadium, Chepauk, Chennai",2,15.5,Kolkata Knight Riders,Mumbai Indians,AD Russell,KD Karthik,KH Pandya,0,0,,,,,,,,,
1254062,2021,2021-04-13,"MA Chidambaram Stadium, Chepauk, Chennai",2,15.6,Kolkata Knight Riders,Mumbai Indians,AD Russell,KD Karthik,KH Pandya,0,0,,,,,,,,,
1254062,2021,2021-04-13,"MA Chidambaram Stadium, Chepauk, Chennai",2,16.1,Kolkata Knight Riders,Mumbai Indians,KD Karthik,AD Russell,JJ Bumrah,0,0,,,,,,,,,
1254062,2021,2021-04-13,"MA Chidambaram Stadium, Chepauk, Chennai",2,16.2,Kolkata Knight Riders,Mumbai Indians,KD Karthik,AD Russell,JJ Bumrah,1,0,,,,,,,,,
1254062,2021,2021-04-13,"MA Chidambaram Stadium, Chepauk, Chennai",2,16.3,Kolkata Knight Riders,Mumbai Indians,AD Russell,KD Karthik,JJ Bumrah,0,0,,,,,,,,,
1254062,2021,2021-04-13,"MA Chidambaram Stadium, Chepauk, Chennai",2,16.4,Kolkata Knight Riders,Mumbai Indians,AD Russell,KD Karthik,JJ Bumrah,0,1,,1,,,,,,,
1254062,2021,2021-04-13,"MA Chidambaram Stadium, Chepauk, Chennai",2,16.5,Kolkata Knight Riders,Mumbai Indians,AD Russell,KD Karthik,JJ Bumrah,4,0,,,,,,,,,
1254062,2021,2021-04-13,"MA Chidambaram Stadium, Chepauk, Chennai",2,16.6,Kolkata Knight Riders,Mumbai Indians,AD Russell,KD Karthik,JJ Bumrah,1,0,,,,,,,,,
1254062,2021,2021-04-13,"MA Chidambaram Stadium, Chepauk, Chennai",2,16.7,Kolkata Knight Riders,Mumbai Indians,KD Karthik,AD Russell,JJ Bumrah,1,0,,,,,,,,,
1254062,2021,2021-04-13,"MA Chidambaram Stadium, Chepauk, Chennai",2,17.1,Kolkata Knight Riders,Mumbai Indians,KD Karthik,AD Russell,KH Pandya,1,0,,,,,,,,,
1254062,2021,2021-04-13,"MA Chidambaram Stadium, Chepauk, Chennai",2,17.2,Kolkata Knight Riders,Mumbai Indians,AD Russell,KD Karthik,KH Pandya,0,0,,,,,,,,,
1254062,2021,2021-04-13,"MA Chidambaram Stadium, Chepauk, Chennai",2,17.3,Kolkata Knight Riders,Mumbai Indians,AD Russell,KD Karthik,KH Pandya,1,0,,,,,,,,,
1254062,2021,2021-04-13,"MA Chidambaram Stadium, Chepauk, Chennai",2,17.4,Kolkata Knight Riders,Mumbai Indians,KD Karthik,AD Russell,KH Pandya,1,0,,,,,,,,,
1254062,2021,2021-04-13,"MA Chidambaram Stadium, Chepauk, Chennai",2,17.5,Kolkata Knight Riders,Mumbai Indians,AD Russell,KD Karthik,KH Pandya,0,0,,,,,,,,,
1254062,2021,2021-04-13,"MA Chidambaram Stadium, Chepauk, Chennai",2,17.6,Kolkata Knight Riders,Mumbai Indians,AD Russell,KD Karthik,KH Pandya,0,0,,,,,,,,,
1254062,2021,2021-04-13,"MA Chidambaram Stadium, Chepauk, Chennai",2,18.1,Kolkata Knight Riders,Mumbai Indians,KD Karthik,AD Russell,JJ Bumrah,1,0,,,,,,,,,
1254062,2021,2021-04-13,"MA Chidambaram Stadium, Chepauk, Chennai",2,18.2,Kolkata Knight Riders,Mumbai Indians,AD Russell,KD Karthik,JJ Bumrah,1,0,,,,,,,,,
1254062,2021,2021-04-13,"MA Chidambaram Stadium, Chepauk, Chennai",2,18.3,Kolkata Knight Riders,Mumbai Indians,KD Karthik,AD Russell,JJ Bumrah,1,0,,,,,,,,,
1254062,2021,2021-04-13,"MA Chidambaram Stadium, Chepauk, Chennai",2,18.4,Kolkata Knight Riders,Mumbai Indians,AD Russell,KD Karthik,JJ Bumrah,1,0,,,,,,,,,
1254062,2021,2021-04-13,"MA Chidambaram Stadium, Chepauk, Chennai",2,18.5,Kolkata Knight Riders,Mumbai Indians,KD Karthik,AD Russell,JJ Bumrah,0,0,,,,,,,,,
1254062,2021,2021-04-13,"MA Chidambaram Stadium, Chepauk, Chennai",2,18.6,Kolkata Knight Riders,Mumbai Indians,KD Karthik,AD Russell,JJ Bumrah,0,0,,,,,,,,,
1254062,2021,2021-04-13,"MA Chidambaram Stadium, Chepauk, Chennai",2,19.1,Kolkata Knight Riders,Mumbai Indians,AD Russell,KD Karthik,TA Boult,1,0,,,,,,,,,
1254062,2021,2021-04-13,"MA Chidambaram Stadium, Chepauk, Chennai",2,19.2,Kolkata Knight Riders,Mumbai Indians,KD Karthik,AD Russell,TA Boult,1,0,,,,,,,,,
1254062,2021,2021-04-13,"MA Chidambaram Stadium, Chepauk, Chennai",2,19.3,Kolkata Knight Riders,Mumbai Indians,AD Russell,KD Karthik,TA Boult,0,0,,,,,,caught and bowled,AD Russell,,
1254062,2021,2021-04-13,"MA Chidambaram Stadium, Chepauk, Chennai",2,19.4,Kolkata Knight Riders,Mumbai Indians,PJ Cummins,KD Karthik,TA Boult,0,0,,,,,,bowled,PJ Cummins,,
1254062,2021,2021-04-13,"MA Chidambaram Stadium, Chepauk, Chennai",2,19.5,Kolkata Knight Riders,Mumbai Indians,Harbhajan Singh,KD Karthik,TA Boult,2,0,,,,,,,,,
1254062,2021,2021-04-13,"MA Chidambaram Stadium, Chepauk, Chennai",2,19.6,Kolkata Knight Riders,Mumbai Indians,Harbhajan Singh,KD Karthik,TA Boult,0,0,,,,,,,,,
